,Math_scores,chem_scores,IT_scores,bio_scores,total score,average score
count,9.0,9.0,9.0,9.0,9.0,9.0
mean,58.22222222222222,46.77777777777778,49.111111111111114,42.111111111111114,196.22222222222223,49.05555555555556
std,41.10285202324097,41.04502947306098,31.050138664925655,27.979655307224768,118.95669146561048,29.73917286640262
min,9.0,4.0,6.0,5.0,28.0,7.0
25%,11.0,8.0,12.0,9.0,70.0,17.5
50%,76.0,42.0,65.0,55.0,258.0,64.5
75%,95.0,85.0,70.0,60.0,282.0,70.5
max,100.0,99.0,75.0,79.0,320.0,80.0
